IdBoutique,IdGeographie,Boutique,Status,Type,Surface,Employes,RaisonFermeture
1,892,Contoso Seattle No.1 Store,On,Store,462,52,
2,892,Contoso Seattle No.2 Store,On,Store,700,40,
3,892,Contoso Kennewick Store,On,Store,310,45,
4,474,Contoso Bellevue Store,On,Store,455,16,
5,677,Contoso Redmond Store,On,Store,380,33,
6,573,Contoso Yakima Store,On,Store,1225,63,
7,838,Contoso Granger Store,On,Store,500,22,
8,838,Contoso Sunnyside Store,Off,Store,486,27,
9,947,Contoso Toppenish Store,On,Store,500,22,
10,947,Contoso Wapato Store,On,Store,500,25,
11,813,Contoso Ole Elum Store,On,Store,500,26,
12,892,Contoso North Bend Store,Off,Store,437,29,Relocalisation
13,47,Contoso Snoqualmie Store,On,Store,500,18,
14,925,Contoso Fall City Store,On,Store,1725,42,
15,438,Contoso Renton Store,On,Store,500,47,
16,922,Contoso Hurlbut Store,On,Store,462,35,
17,551,Contoso Spokane Store,On,Store,700,35,
18,922,Contoso Everett Store,On,Store,462,30,
19,551,Contoso Spokane Store,On,Store,700,35,
20,812,Contoso Cheney Store,Off,Store,455,23,Store
21,924,Contoso Englewood Store,On,Store,462,45,
22,924,Contoso Aurora Store,On,Store,310,38,
23,924,Contoso Lakewood Store,On,Store,380,41,
24,100,Contoso Portland Store,On,Store,500,55,
25,101,Contoso Beaverton Store,On,Store,462,33,
26,102,Contoso Salem Store,On,Store,700,29,
27,103,Contoso Eugene Store,Off,Store,380,22,Rénovation
28,104,Contoso Medford Store,On,Store,310,18,
29,200,Contoso San Francisco Store,On,Store,1225,80,
30,201,Contoso Oakland Store,On,Store,700,62,
