IdProduit,IdSousCategorie,NomProduit,Marque,Couleur,PrixUnitaire,CoutRevient,PrixPromo
1,1,Casque Bluetooth Pro X200,Contoso,Noir,149.99,65.00,129.99
2,1,Écouteurs Intra-Auriculaires E100,Fabrikam,Blanc,49.99,18.00,39.99
3,1,Casque Gaming G500,Northwind,Rouge,89.99,38.00,74.99
4,2,Haut-parleur Bluetooth S300,Contoso,Gris,79.99,32.00,64.99
5,2,Barre de Son SB200,Litware,Noir,199.99,90.00,179.99
6,3,Home Cinéma HC500,Contoso,Noir,349.99,155.00,299.99
7,5,Appareil Photo D3400,Fabrikam,Noir,499.99,220.00,449.99
8,5,Appareil Photo Mirrorless M10,Contoso,Argent,799.99,360.00,749.99
9,6,Caméscope HD C200,Northwind,Noir,399.99,175.00,349.99
10,8,Ordinateur Portable L14,Contoso,Argent,899.99,420.00,849.99
11,8,Ordinateur Portable Gaming G15,Fabrikam,Noir,1299.99,600.00,1199.99
12,9,PC Bureau Tour D500,Litware,Noir,699.99,310.00,649.99
13,10,Tablette T10,Contoso,Gris,449.99,195.00,399.99
14,10,Tablette T7 Lite,Northwind,Blanc,249.99,105.00,219.99
15,11,Moniteur 24 pouces M24,Contoso,Noir,279.99,120.00,249.99
16,11,Moniteur 27 pouces M27,Fabrikam,Blanc,399.99,175.00,369.99
17,13,Smartphone S21,Contoso,Bleu,799.99,370.00,749.99
18,13,Smartphone A52,Litware,Noir,499.99,225.00,469.99
19,13,Téléphone Entrée Gamme F10,Fabrikam,Blanc,199.99,80.00,179.99
20,16,TV LED 43 pouces,Contoso,Noir,499.99,225.00,449.99
21,16,TV LED 55 pouces,Northwind,Noir,699.99,315.00,649.99
22,17,TV OLED 55 pouces,Contoso,Noir,1299.99,590.00,1199.99
23,17,TV OLED 65 pouces,Fabrikam,Noir,1999.99,900.00,1849.99
24,20,Console Next Gen X,Contoso,Noir,499.99,285.00,499.99
25,20,Console Portable P5,Litware,Blanc,299.99,165.00,299.99
26,22,Manette Sans Fil Pro,Contoso,Noir,69.99,28.00,59.99
27,23,Réfrigérateur Combiné RF500,Contoso,Inox,799.99,360.00,749.99
28,24,Lave-linge 8kg LW800,Fabrikam,Blanc,599.99,270.00,549.99
29,26,Four Micro-ondes FM25,Northwind,Blanc,149.99,60.00,129.99
30,27,Aspirateur Robot AR200,Contoso,Noir,299.99,132.00,269.99
31,31,Câble HDMI 2.1 2m,Litware,Noir,19.99,5.00,14.99
32,32,Chargeur Rapide 65W,Contoso,Blanc,39.99,14.00,34.99
33,33,Housse Ordinateur 15,Fabrikam,Gris,29.99,10.00,24.99
