IdVente,Date,IdBoutique,IdProduit,Quantite,PrixUnitaire,Remise,MontantHT,CoutTotal,MargeBrute
1,2023-10-01,24,3,3,89.99,0.1,242.97,114.0,128.97
2,2023-10-01,4,22,3,1299.99,0.05,3704.97,1770.0,1934.97
3,2023-10-01,10,3,5,89.99,0,449.95,190.0,259.95
4,2023-10-01,13,31,1,19.99,0.1,17.99,5.0,12.99
5,2023-10-01,24,7,2,499.99,0.1,899.98,440.0,459.98
6,2023-10-02,22,1,1,149.99,0,149.99,65.0,84.99
7,2023-10-02,24,28,2,599.99,0,1199.98,540.0,659.98
8,2023-10-02,25,7,1,499.99,0.1,449.99,220.0,229.99
9,2023-10-02,22,32,1,39.99,0.05,37.99,14.0,23.99
10,2023-10-03,17,9,3,399.99,0,1199.97,525.0,674.97
11,2023-10-03,3,29,1,149.99,0.1,134.99,60.0,74.99
12,2023-10-03,25,3,4,89.99,0,359.96,152.0,207.96
13,2023-10-04,12,6,4,349.99,0,1399.96,620.0,779.96
14,2023-10-04,8,28,5,599.99,0.05,2849.95,1350.0,1499.95
15,2023-10-04,19,3,2,89.99,0,179.98,76.0,103.98
16,2023-10-05,7,7,4,499.99,0,1999.96,880.0,1119.96
17,2023-10-05,22,20,3,499.99,0,1499.97,675.0,824.97
18,2023-10-05,21,9,4,399.99,0,1599.96,700.0,899.96
19,2023-10-05,15,25,5,299.99,0,1499.95,825.0,674.95
20,2023-10-05,1,6,1,349.99,0.1,314.99,155.0,159.99
21,2023-10-05,3,5,5,199.99,0.15,849.96,450.0,399.96
22,2023-10-05,7,2,5,49.99,0,249.95,90.0,159.95
23,2023-10-05,23,4,3,79.99,0,239.97,96.0,143.97
24,2023-10-06,4,23,4,1999.99,0.1,7199.96,3600.0,3599.96
25,2023-10-06,13,13,3,449.99,0.15,1147.47,585.0,562.47
26,2023-10-06,8,9,1,399.99,0,399.99,175.0,224.99
27,2023-10-06,19,12,3,699.99,0,2099.97,930.0,1169.97
28,2023-10-06,16,33,1,29.99,0.05,28.49,10.0,18.49
29,2023-10-06,7,7,1,499.99,0.15,424.99,220.0,204.99
30,2023-10-07,18,26,3,69.99,0,209.97,84.0,125.97
31,2023-10-07,8,10,3,899.99,0,2699.97,1260.0,1439.97
32,2023-10-07,15,1,1,149.99,0.05,142.49,65.0,77.49
33,2023-10-07,4,27,2,799.99,0,1599.98,720.0,879.98
34,2023-10-07,3,28,4,599.99,0,2399.96,1080.0,1319.96
35,2023-10-07,30,12,2,699.99,0,1399.98,620.0,779.98
36,2023-10-08,12,27,3,799.99,0.15,2039.97,1080.0,959.97
37,2023-10-08,27,18,5,499.99,0,2499.95,1125.0,1374.95
38,2023-10-08,10,13,5,449.99,0,2249.95,975.0,1274.95
39,2023-10-08,21,17,4,799.99,0,3199.96,1480.0,1719.96
40,2023-10-08,4,6,4,349.99,0.15,1189.97,620.0,569.97
41,2023-10-08,27,20,5,499.99,0.15,2124.96,1125.0,999.96
42,2023-10-08,21,31,5,19.99,0,99.95,25.0,74.95
43,2023-10-09,6,29,5,149.99,0.05,712.45,300.0,412.45
44,2023-10-09,11,14,5,249.99,0.05,1187.45,525.0,662.45
45,2023-10-09,12,23,4,1999.99,0.05,7599.96,3600.0,3999.96
46,2023-10-09,1,15,5,279.99,0.15,1189.96,600.0,589.96
47,2023-10-09,4,1,5,149.99,0,749.95,325.0,424.95
48,2023-10-09,29,31,3,19.99,0,59.97,15.0,44.97
49,2023-10-10,27,20,1,499.99,0,499.99,225.0,274.99
50,2023-10-10,24,21,4,699.99,0,2799.96,1260.0,1539.96
51,2023-10-10,21,2,2,49.99,0.15,84.98,36.0,48.98
52,2023-10-10,28,18,3,499.99,0,1499.97,675.0,824.97
53,2023-10-10,21,30,3,299.99,0.05,854.97,396.0,458.97
54,2023-10-10,9,4,4,79.99,0.05,303.96,128.0,175.96
55,2023-10-10,16,32,1,39.99,0.05,37.99,14.0,23.99
56,2023-10-10,4,11,3,1299.99,0,3899.97,1800.0,2099.97
57,2023-10-10,4,9,1,399.99,0.05,379.99,175.0,204.99
58,2023-10-11,29,29,2,149.99,0,299.98,120.0,179.98
59,2023-10-11,1,1,2,149.99,0,299.98,130.0,169.98
60,2023-10-12,16,16,3,399.99,0.05,1139.97,525.0,614.97
61,2023-10-12,8,31,1,19.99,0.15,16.99,5.0,11.99
62,2023-10-12,3,26,2,69.99,0,139.98,56.0,83.98
63,2023-10-12,11,4,5,79.99,0.15,339.96,160.0,179.96
64,2023-10-12,23,7,5,499.99,0,2499.95,1100.0,1399.95
65,2023-10-13,2,25,4,299.99,0.1,1079.96,660.0,419.96
66,2023-10-13,27,29,2,149.99,0,299.98,120.0,179.98
67,2023-10-13,14,23,3,1999.99,0.05,5699.97,2700.0,2999.97
68,2023-10-15,23,29,3,149.99,0,449.97,180.0,269.97
69,2023-10-15,19,30,3,299.99,0.1,809.97,396.0,413.97
70,2023-10-15,20,12,5,699.99,0.15,2974.96,1550.0,1424.96
71,2023-10-15,28,30,4,299.99,0.05,1139.96,528.0,611.96
72,2023-10-15,21,31,5,19.99,0.15,84.96,25.0,59.96
73,2023-10-15,2,21,5,699.99,0,3499.95,1575.0,1924.95
74,2023-10-15,24,31,1,19.99,0,19.99,5.0,14.99
75,2023-10-15,3,2,4,49.99,0.05,189.96,72.0,117.96
76,2023-10-15,17,9,4,399.99,0,1599.96,700.0,899.96
77,2023-10-15,19,32,5,39.99,0.15,169.96,70.0,99.96
78,2023-10-15,11,11,1,1299.99,0.1,1169.99,600.0,569.99
79,2023-10-16,23,18,3,499.99,0.1,1349.97,675.0,674.97
80,2023-10-16,1,30,1,299.99,0.15,254.99,132.0,122.99
81,2023-10-16,23,8,1,799.99,0.1,719.99,360.0,359.99
82,2023-10-16,7,30,5,299.99,0,1499.95,660.0,839.95
83,2023-10-16,9,10,4,899.99,0,3599.96,1680.0,1919.96
84,2023-10-17,13,12,1,699.99,0.15,594.99,310.0,284.99
85,2023-10-18,19,13,2,449.99,0,899.98,390.0,509.98
86,2023-10-18,29,1,2,149.99,0.15,254.98,130.0,124.98
87,2023-10-18,7,25,3,299.99,0.05,854.97,495.0,359.97
88,2023-10-18,21,27,4,799.99,0.15,2719.97,1440.0,1279.97
89,2023-10-18,28,26,2,69.99,0,139.98,56.0,83.98
90,2023-10-18,1,7,1,499.99,0,499.99,220.0,279.99
91,2023-10-19,23,2,4,49.99,0.1,179.96,72.0,107.96
92,2023-10-19,24,2,3,49.99,0.05,142.47,54.0,88.47
93,2023-10-19,2,23,1,1999.99,0,1999.99,900.0,1099.99
94,2023-10-19,20,10,4,899.99,0.05,3419.96,1680.0,1739.96
95,2023-10-19,16,2,4,49.99,0.1,179.96,72.0,107.96
96,2023-10-19,7,30,2,299.99,0.05,569.98,264.0,305.98
97,2023-10-19,12,19,4,199.99,0,799.96,320.0,479.96
98,2023-10-19,12,29,5,149.99,0,749.95,300.0,449.95
99,2023-10-19,23,28,3,599.99,0.05,1709.97,810.0,899.97
100,2023-10-20,7,22,4,1299.99,0.15,4419.97,2360.0,2059.97
101,2023-10-20,15,19,4,199.99,0.1,719.96,320.0,399.96
102,2023-10-20,10,9,2,399.99,0,799.98,350.0,449.98
103,2023-10-20,22,29,3,149.99,0,449.97,180.0,269.97
104,2023-10-20,21,1,1,149.99,0.15,127.49,65.0,62.49
105,2023-10-20,1,33,3,29.99,0.15,76.47,30.0,46.47
106,2023-10-20,17,15,2,279.99,0.1,503.98,240.0,263.98
107,2023-10-21,1,23,3,1999.99,0,5999.97,2700.0,3299.97
108,2023-10-21,13,25,1,299.99,0,299.99,165.0,134.99
109,2023-10-21,9,8,1,799.99,0.1,719.99,360.0,359.99
110,2023-10-21,26,28,4,599.99,0,2399.96,1080.0,1319.96
111,2023-10-21,17,4,4,79.99,0,319.96,128.0,191.96
112,2023-10-22,14,19,5,199.99,0,999.95,400.0,599.95
113,2023-10-22,3,20,5,499.99,0,2499.95,1125.0,1374.95
114,2023-10-22,2,20,5,499.99,0,2499.95,1125.0,1374.95
115,2023-10-22,25,22,2,1299.99,0,2599.98,1180.0,1419.98
116,2023-10-23,25,4,4,79.99,0,319.96,128.0,191.96
117,2023-10-23,20,3,5,89.99,0,449.95,190.0,259.95
118,2023-10-23,6,3,1,89.99,0.15,76.49,38.0,38.49
119,2023-10-23,21,5,5,199.99,0.15,849.96,450.0,399.96
120,2023-10-24,18,26,5,69.99,0,349.95,140.0,209.95
121,2023-10-24,4,9,2,399.99,0,799.98,350.0,449.98
122,2023-10-24,23,22,3,1299.99,0.05,3704.97,1770.0,1934.97
123,2023-10-24,9,19,4,199.99,0.15,679.97,320.0,359.97
124,2023-10-24,6,10,2,899.99,0,1799.98,840.0,959.98
125,2023-10-25,4,9,2,399.99,0,799.98,350.0,449.98
126,2023-10-25,8,3,4,89.99,0,359.96,152.0,207.96
127,2023-10-25,10,18,5,499.99,0,2499.95,1125.0,1374.95
128,2023-10-25,4,10,4,899.99,0.05,3419.96,1680.0,1739.96
129,2023-10-25,19,15,3,279.99,0,839.97,360.0,479.97
130,2023-10-26,23,19,3,199.99,0,599.97,240.0,359.97
131,2023-10-27,26,27,4,799.99,0,3199.96,1440.0,1759.96
132,2023-10-27,5,22,2,1299.99,0.1,2339.98,1180.0,1159.98
133,2023-10-27,25,15,3,279.99,0,839.97,360.0,479.97
134,2023-10-27,5,6,4,349.99,0.15,1189.97,620.0,569.97
135,2023-10-27,19,13,2,449.99,0.15,764.98,390.0,374.98
136,2023-10-28,19,31,4,19.99,0,79.96,20.0,59.96
137,2023-10-29,20,5,1,199.99,0,199.99,90.0,109.99
138,2023-10-29,5,4,4,79.99,0.05,303.96,128.0,175.96
139,2023-10-29,5,17,3,799.99,0.05,2279.97,1110.0,1169.97
140,2023-10-29,24,19,3,199.99,0,599.97,240.0,359.97
141,2023-10-29,15,14,3,249.99,0,749.97,315.0,434.97
142,2023-10-30,24,1,4,149.99,0,599.96,260.0,339.96
143,2023-10-30,3,27,5,799.99,0.05,3799.95,1800.0,1999.95
144,2023-10-30,16,24,3,499.99,0,1499.97,855.0,644.97
145,2023-10-31,6,5,5,199.99,0.05,949.95,450.0,499.95
146,2023-11-01,19,12,5,699.99,0.15,2974.96,1550.0,1424.96
147,2023-11-01,18,11,4,1299.99,0.05,4939.96,2400.0,2539.96
148,2023-11-02,12,29,4,149.99,0.05,569.96,240.0,329.96
149,2023-11-02,11,11,1,1299.99,0,1299.99,600.0,699.99
150,2023-11-02,25,29,1,149.99,0.05,142.49,60.0,82.49
151,2023-11-02,2,5,3,199.99,0.15,509.97,270.0,239.97
152,2023-11-02,16,32,2,39.99,0.15,67.98,28.0,39.98
153,2023-11-03,18,31,5,19.99,0.15,84.96,25.0,59.96
154,2023-11-03,26,16,4,399.99,0,1599.96,700.0,899.96
155,2023-11-03,25,8,1,799.99,0,799.99,360.0,439.99
156,2023-11-03,5,28,1,599.99,0,599.99,270.0,329.99
157,2023-11-03,10,31,1,19.99,0.15,16.99,5.0,11.99
158,2023-11-03,21,31,1,19.99,0,19.99,5.0,14.99
159,2023-11-03,18,22,5,1299.99,0.1,5849.95,2950.0,2899.95
160,2023-11-04,14,15,2,279.99,0,559.98,240.0,319.98
161,2023-11-04,26,7,3,499.99,0.15,1274.97,660.0,614.97
162,2023-11-04,23,14,1,249.99,0.1,224.99,105.0,119.99
163,2023-11-04,17,28,3,599.99,0,1799.97,810.0,989.97
164,2023-11-04,14,12,5,699.99,0.05,3324.95,1550.0,1774.95
165,2023-11-04,12,27,3,799.99,0,2399.97,1080.0,1319.97
166,2023-11-04,3,31,4,19.99,0,79.96,20.0,59.96
167,2023-11-05,20,14,1,249.99,0,249.99,105.0,144.99
168,2023-11-05,27,2,3,49.99,0.05,142.47,54.0,88.47
169,2023-11-05,16,5,5,199.99,0.15,849.96,450.0,399.96
170,2023-11-05,19,23,3,1999.99,0,5999.97,2700.0,3299.97
171,2023-11-05,5,30,1,299.99,0,299.99,132.0,167.99
172,2023-11-06,16,6,2,349.99,0.1,629.98,310.0,319.98
173,2023-11-06,9,4,3,79.99,0.1,215.97,96.0,119.97
174,2023-11-07,28,25,2,299.99,0.05,569.98,330.0,239.98
175,2023-11-07,21,13,2,449.99,0.1,809.98,390.0,419.98
176,2023-11-07,10,5,5,199.99,0,999.95,450.0,549.95
177,2023-11-07,22,32,4,39.99,0.1,143.96,56.0,87.96
178,2023-11-08,8,14,3,249.99,0,749.97,315.0,434.97
179,2023-11-08,3,26,5,69.99,0,349.95,140.0,209.95
180,2023-11-08,2,25,1,299.99,0,299.99,165.0,134.99
181,2023-11-08,7,20,2,499.99,0,999.98,450.0,549.98
182,2023-11-08,13,4,1,79.99,0,79.99,32.0,47.99
183,2023-11-08,16,22,1,1299.99,0.1,1169.99,590.0,579.99
184,2023-11-08,1,8,2,799.99,0,1599.98,720.0,879.98
185,2023-11-08,12,28,2,599.99,0.05,1139.98,540.0,599.98
186,2023-11-09,17,3,3,89.99,0.1,242.97,114.0,128.97
187,2023-11-09,24,29,3,149.99,0.15,382.47,180.0,202.47
188,2023-11-09,10,33,5,29.99,0,149.95,50.0,99.95
189,2023-11-09,21,14,3,249.99,0,749.97,315.0,434.97
190,2023-11-09,11,13,5,449.99,0,2249.95,975.0,1274.95
191,2023-11-09,16,29,1,149.99,0,149.99,60.0,89.99
192,2023-11-09,15,6,2,349.99,0.15,594.98,310.0,284.98
193,2023-11-10,9,23,2,1999.99,0.1,3599.98,1800.0,1799.98
194,2023-11-10,23,3,3,89.99,0.05,256.47,114.0,142.47
195,2023-11-10,10,20,4,499.99,0.15,1699.97,900.0,799.97
196,2023-11-11,12,2,3,49.99,0,149.97,54.0,95.97
197,2023-11-11,15,2,2,49.99,0.05,94.98,36.0,58.98
198,2023-11-11,12,25,1,299.99,0.05,284.99,165.0,119.99
199,2023-11-11,16,4,1,79.99,0,79.99,32.0,47.99
200,2023-11-11,8,7,2,499.99,0.15,849.98,440.0,409.98
201,2023-11-11,14,15,5,279.99,0,1399.95,600.0,799.95
202,2023-11-11,2,30,4,299.99,0.1,1079.96,528.0,551.96
203,2023-11-12,12,28,4,599.99,0,2399.96,1080.0,1319.96
204,2023-11-12,15,9,2,399.99,0.15,679.98,350.0,329.98
205,2023-11-12,19,10,2,899.99,0,1799.98,840.0,959.98
206,2023-11-12,12,14,1,249.99,0.15,212.49,105.0,107.49
207,2023-11-12,27,22,4,1299.99,0.05,4939.96,2360.0,2579.96
208,2023-11-12,15,3,1,89.99,0.1,80.99,38.0,42.99
209,2023-11-12,14,23,3,1999.99,0,5999.97,2700.0,3299.97
210,2023-11-12,2,17,3,799.99,0,2399.97,1110.0,1289.97
211,2023-11-12,20,30,1,299.99,0,299.99,132.0,167.99
212,2023-11-12,24,4,5,79.99,0.15,339.96,160.0,179.96
213,2023-11-12,14,22,3,1299.99,0.05,3704.97,1770.0,1934.97
214,2023-11-13,3,31,5,19.99,0.15,84.96,25.0,59.96
215,2023-11-13,23,8,3,799.99,0.05,2279.97,1080.0,1199.97
216,2023-11-13,18,1,4,149.99,0.05,569.96,260.0,309.96
217,2023-11-13,2,22,1,1299.99,0.05,1234.99,590.0,644.99
218,2023-11-13,30,11,1,1299.99,0,1299.99,600.0,699.99
219,2023-11-14,20,29,5,149.99,0,749.95,300.0,449.95
220,2023-11-14,18,21,3,699.99,0,2099.97,945.0,1154.97
221,2023-11-14,16,30,2,299.99,0,599.98,264.0,335.98
222,2023-11-14,20,9,5,399.99,0,1999.95,875.0,1124.95
223,2023-11-14,3,1,5,149.99,0.1,674.96,325.0,349.96
224,2023-11-14,10,24,2,499.99,0.05,949.98,570.0,379.98
225,2023-11-14,1,6,2,349.99,0.15,594.98,310.0,284.98
226,2023-11-14,26,2,3,49.99,0.05,142.47,54.0,88.47
227,2023-11-14,2,16,2,399.99,0,799.98,350.0,449.98
228,2023-11-14,26,5,3,199.99,0.1,539.97,270.0,269.97
229,2023-11-15,9,13,3,449.99,0,1349.97,585.0,764.97
230,2023-11-15,10,16,1,399.99,0,399.99,175.0,224.99
231,2023-11-15,25,19,3,199.99,0,599.97,240.0,359.97
232,2023-11-16,29,16,2,399.99,0,799.98,350.0,449.98
233,2023-11-16,2,3,5,89.99,0.05,427.45,190.0,237.45
234,2023-11-16,10,14,4,249.99,0,999.96,420.0,579.96
235,2023-11-16,29,4,1,79.99,0.05,75.99,32.0,43.99
236,2023-11-16,15,3,3,89.99,0,269.97,114.0,155.97
237,2023-11-16,19,31,5,19.99,0.05,94.95,25.0,69.95
238,2023-11-16,7,22,2,1299.99,0.1,2339.98,1180.0,1159.98
239,2023-11-17,5,6,1,349.99,0.15,297.49,155.0,142.49
240,2023-11-17,26,3,2,89.99,0,179.98,76.0,103.98
241,2023-11-17,29,4,1,79.99,0.15,67.99,32.0,35.99
242,2023-11-17,5,30,2,299.99,0.15,509.98,264.0,245.98
243,2023-11-17,26,5,2,199.99,0.05,379.98,180.0,199.98
244,2023-11-17,1,19,3,199.99,0,599.97,240.0,359.97
245,2023-11-18,17,15,4,279.99,0,1119.96,480.0,639.96
246,2023-11-18,24,21,4,699.99,0.1,2519.96,1260.0,1259.96
247,2023-11-18,3,1,4,149.99,0.15,509.97,260.0,249.97
248,2023-11-18,10,32,1,39.99,0,39.99,14.0,25.99
249,2023-11-18,14,14,5,249.99,0,1249.95,525.0,724.95
250,2023-11-19,7,13,5,449.99,0.15,1912.46,975.0,937.46
251,2023-11-19,16,31,2,19.99,0,39.98,10.0,29.98
252,2023-11-19,6,8,3,799.99,0.15,2039.97,1080.0,959.97
253,2023-11-19,12,15,2,279.99,0.05,531.98,240.0,291.98
254,2023-11-19,8,29,2,149.99,0,299.98,120.0,179.98
255,2023-11-19,9,10,3,899.99,0.05,2564.97,1260.0,1304.97
256,2023-11-19,29,7,3,499.99,0.05,1424.97,660.0,764.97
257,2023-11-19,15,21,4,699.99,0.05,2659.96,1260.0,1399.96
258,2023-11-20,22,9,1,399.99,0.15,339.99,175.0,164.99
259,2023-11-20,6,32,1,39.99,0,39.99,14.0,25.99
260,2023-11-20,7,32,3,39.99,0.1,107.97,42.0,65.97
261,2023-11-20,13,7,2,499.99,0,999.98,440.0,559.98
262,2023-11-21,17,28,2,599.99,0,1199.98,540.0,659.98
263,2023-11-21,25,3,5,89.99,0.15,382.46,190.0,192.46
264,2023-11-21,27,7,3,499.99,0.1,1349.97,660.0,689.97
265,2023-11-21,19,27,2,799.99,0.1,1439.98,720.0,719.98
266,2023-11-21,3,7,5,499.99,0.05,2374.95,1100.0,1274.95
267,2023-11-21,28,9,3,399.99,0,1199.97,525.0,674.97
268,2023-11-21,20,15,4,279.99,0,1119.96,480.0,639.96
269,2023-11-21,4,15,4,279.99,0.15,951.97,480.0,471.97
270,2023-11-21,26,15,5,279.99,0.15,1189.96,600.0,589.96
271,2023-11-22,14,24,3,499.99,0,1499.97,855.0,644.97
272,2023-11-22,10,29,3,149.99,0,449.97,180.0,269.97
273,2023-11-22,17,14,2,249.99,0.1,449.98,210.0,239.98
274,2023-11-22,4,7,4,499.99,0,1999.96,880.0,1119.96
275,2023-11-22,28,13,4,449.99,0,1799.96,780.0,1019.96
276,2023-11-22,4,21,1,699.99,0.05,664.99,315.0,349.99
277,2023-11-23,1,16,2,399.99,0,799.98,350.0,449.98
278,2023-11-23,15,2,3,49.99,0,149.97,54.0,95.97
279,2023-11-24,11,26,3,69.99,0,209.97,84.0,125.97
280,2023-11-25,27,21,5,699.99,0,3499.95,1575.0,1924.95
281,2023-11-25,10,26,2,69.99,0,139.98,56.0,83.98
282,2023-11-25,11,6,1,349.99,0.15,297.49,155.0,142.49
283,2023-11-25,19,22,5,1299.99,0.15,5524.96,2950.0,2574.96
284,2023-11-25,18,14,2,249.99,0.05,474.98,210.0,264.98
285,2023-11-25,13,5,5,199.99,0,999.95,450.0,549.95
286,2023-11-25,5,20,4,499.99,0.05,1899.96,900.0,999.96
287,2023-11-26,2,15,2,279.99,0.15,475.98,240.0,235.98
288,2023-11-26,13,20,3,499.99,0.05,1424.97,675.0,749.97
289,2023-11-26,3,1,2,149.99,0.1,269.98,130.0,139.98
290,2023-11-26,17,2,4,49.99,0.1,179.96,72.0,107.96
291,2023-11-26,22,8,3,799.99,0,2399.97,1080.0,1319.97
292,2023-11-26,3,32,2,39.99,0.1,71.98,28.0,43.98
293,2023-11-26,19,21,4,699.99,0,2799.96,1260.0,1539.96
294,2023-11-26,9,24,2,499.99,0,999.98,570.0,429.98
295,2023-11-26,24,27,4,799.99,0,3199.96,1440.0,1759.96
296,2023-11-26,22,7,2,499.99,0,999.98,440.0,559.98
297,2023-11-26,17,6,1,349.99,0,349.99,155.0,194.99
298,2023-11-27,15,3,2,89.99,0.1,161.98,76.0,85.98
299,2023-11-27,3,33,1,29.99,0,29.99,10.0,19.99
300,2023-11-27,13,21,5,699.99,0.15,2974.96,1575.0,1399.96
301,2023-11-28,12,10,2,899.99,0,1799.98,840.0,959.98
302,2023-11-28,17,28,5,599.99,0.05,2849.95,1350.0,1499.95
303,2023-11-28,28,2,4,49.99,0.05,189.96,72.0,117.96
304,2023-11-28,2,3,2,89.99,0.1,161.98,76.0,85.98
305,2023-11-29,19,9,1,399.99,0.15,339.99,175.0,164.99
306,2023-11-29,4,30,3,299.99,0.15,764.97,396.0,368.97
307,2023-11-29,17,6,5,349.99,0.1,1574.96,775.0,799.96
308,2023-11-29,13,31,3,19.99,0.05,56.97,15.0,41.97
309,2023-11-29,8,2,1,49.99,0,49.99,18.0,31.99
310,2023-11-30,1,22,2,1299.99,0.15,2209.98,1180.0,1029.98
311,2023-11-30,29,4,1,79.99,0.05,75.99,32.0,43.99
312,2023-11-30,23,9,2,399.99,0,799.98,350.0,449.98
313,2023-11-30,22,26,4,69.99,0.1,251.96,112.0,139.96
314,2023-12-01,18,13,4,449.99,0.05,1709.96,780.0,929.96
315,2023-12-01,22,20,2,499.99,0.15,849.98,450.0,399.98
316,2023-12-02,27,7,5,499.99,0.15,2124.96,1100.0,1024.96
317,2023-12-02,1,5,4,199.99,0,799.96,360.0,439.96
318,2023-12-02,22,28,2,599.99,0,1199.98,540.0,659.98
319,2023-12-02,13,5,5,199.99,0.15,849.96,450.0,399.96
320,2023-12-02,17,8,1,799.99,0,799.99,360.0,439.99
321,2023-12-02,30,16,1,399.99,0,399.99,175.0,224.99
322,2023-12-02,4,14,3,249.99,0.05,712.47,315.0,397.47
323,2023-12-03,28,32,5,39.99,0,199.95,70.0,129.95
324,2023-12-03,20,15,1,279.99,0,279.99,120.0,159.99
325,2023-12-03,8,6,5,349.99,0,1749.95,775.0,974.95
326,2023-12-03,25,10,4,899.99,0,3599.96,1680.0,1919.96
327,2023-12-03,4,25,3,299.99,0.05,854.97,495.0,359.97
328,2023-12-03,9,18,4,499.99,0,1999.96,900.0,1099.96
329,2023-12-03,22,2,2,49.99,0.05,94.98,36.0,58.98
330,2023-12-03,19,25,5,299.99,0.15,1274.96,825.0,449.96
331,2023-12-04,15,2,1,49.99,0,49.99,18.0,31.99
332,2023-12-04,28,31,3,19.99,0,59.97,15.0,44.97
333,2023-12-04,9,27,5,799.99,0.1,3599.95,1800.0,1799.95
334,2023-12-04,17,8,4,799.99,0.15,2719.97,1440.0,1279.97
335,2023-12-04,25,16,5,399.99,0.1,1799.96,875.0,924.96
336,2023-12-04,26,22,2,1299.99,0.1,2339.98,1180.0,1159.98
337,2023-12-05,23,7,3,499.99,0.05,1424.97,660.0,764.97
338,2023-12-05,29,31,5,19.99,0.15,84.96,25.0,59.96
339,2023-12-05,24,2,3,49.99,0,149.97,54.0,95.97
340,2023-12-05,19,4,4,79.99,0,319.96,128.0,191.96
341,2023-12-05,29,27,3,799.99,0,2399.97,1080.0,1319.97
342,2023-12-06,4,7,2,499.99,0.1,899.98,440.0,459.98
343,2023-12-06,25,4,2,79.99,0,159.98,64.0,95.98
344,2023-12-06,22,9,2,399.99,0.15,679.98,350.0,329.98
345,2023-12-06,21,2,3,49.99,0.05,142.47,54.0,88.47
346,2023-12-06,10,24,4,499.99,0.05,1899.96,1140.0,759.96
347,2023-12-06,25,32,4,39.99,0,159.96,56.0,103.96
348,2023-12-07,8,16,1,399.99,0,399.99,175.0,224.99
349,2023-12-07,10,22,4,1299.99,0.05,4939.96,2360.0,2579.96
350,2023-12-07,23,25,5,299.99,0.1,1349.96,825.0,524.96
351,2023-12-07,10,21,2,699.99,0,1399.98,630.0,769.98
352,2023-12-07,28,3,3,89.99,0,269.97,114.0,155.97
353,2023-12-07,4,24,5,499.99,0.1,2249.95,1425.0,824.95
354,2023-12-07,13,31,1,19.99,0.05,18.99,5.0,13.99
355,2023-12-08,7,14,5,249.99,0.1,1124.96,525.0,599.96
356,2023-12-08,13,3,5,89.99,0.05,427.45,190.0,237.45
357,2023-12-08,8,25,4,299.99,0.05,1139.96,660.0,479.96
358,2023-12-08,30,23,3,1999.99,0.15,5099.97,2700.0,2399.97
359,2023-12-08,28,22,1,1299.99,0.05,1234.99,590.0,644.99
360,2023-12-08,22,19,4,199.99,0.1,719.96,320.0,399.96
361,2023-12-08,10,8,1,799.99,0.05,759.99,360.0,399.99
362,2023-12-09,15,4,2,79.99,0,159.98,64.0,95.98
363,2023-12-09,25,28,2,599.99,0.1,1079.98,540.0,539.98
364,2023-12-09,11,21,3,699.99,0,2099.97,945.0,1154.97
365,2023-12-09,19,31,4,19.99,0.1,71.96,20.0,51.96
366,2023-12-10,11,24,4,499.99,0.15,1699.97,1140.0,559.97
367,2023-12-10,3,19,4,199.99,0,799.96,320.0,479.96
368,2023-12-10,14,19,4,199.99,0,799.96,320.0,479.96
369,2023-12-11,14,7,5,499.99,0,2499.95,1100.0,1399.95
370,2023-12-11,19,10,1,899.99,0,899.99,420.0,479.99
371,2023-12-11,9,15,2,279.99,0,559.98,240.0,319.98
372,2023-12-11,18,8,2,799.99,0,1599.98,720.0,879.98
373,2023-12-11,17,7,2,499.99,0.1,899.98,440.0,459.98
374,2023-12-11,27,23,1,1999.99,0,1999.99,900.0,1099.99
375,2023-12-11,23,3,3,89.99,0,269.97,114.0,155.97
376,2023-12-12,18,14,4,249.99,0.1,899.96,420.0,479.96
377,2023-12-12,5,21,5,699.99,0.15,2974.96,1575.0,1399.96
378,2023-12-12,16,32,4,39.99,0,159.96,56.0,103.96
379,2023-12-12,20,2,2,49.99,0,99.98,36.0,63.98
380,2023-12-12,5,20,2,499.99,0,999.98,450.0,549.98
381,2023-12-13,5,28,3,599.99,0.1,1619.97,810.0,809.97
382,2023-12-13,20,3,5,89.99,0,449.95,190.0,259.95
383,2023-12-13,15,13,2,449.99,0.15,764.98,390.0,374.98
384,2023-12-13,2,19,5,199.99,0,999.95,400.0,599.95
385,2023-12-13,24,23,1,1999.99,0.15,1699.99,900.0,799.99
386,2023-12-13,1,33,4,29.99,0.05,113.96,40.0,73.96
387,2023-12-13,29,1,4,149.99,0,599.96,260.0,339.96
388,2023-12-13,13,21,5,699.99,0,3499.95,1575.0,1924.95
389,2023-12-14,29,9,4,399.99,0.05,1519.96,700.0,819.96
390,2023-12-14,12,3,1,89.99,0,89.99,38.0,51.99
391,2023-12-14,13,30,2,299.99,0.15,509.98,264.0,245.98
392,2023-12-14,8,5,1,199.99,0.15,169.99,90.0,79.99
393,2023-12-14,2,9,1,399.99,0.15,339.99,175.0,164.99
394,2023-12-14,10,32,5,39.99,0.15,169.96,70.0,99.96
395,2023-12-14,2,10,3,899.99,0.05,2564.97,1260.0,1304.97
396,2023-12-14,12,10,1,899.99,0,899.99,420.0,479.99
397,2023-12-15,29,13,4,449.99,0,1799.96,780.0,1019.96
398,2023-12-15,22,31,4,19.99,0.05,75.96,20.0,55.96
399,2023-12-15,22,29,4,149.99,0,599.96,240.0,359.96
400,2023-12-15,20,6,2,349.99,0,699.98,310.0,389.98
401,2023-12-16,19,33,1,29.99,0,29.99,10.0,19.99
402,2023-12-16,18,6,2,349.99,0,699.98,310.0,389.98
403,2023-12-16,17,22,2,1299.99,0.15,2209.98,1180.0,1029.98
404,2023-12-16,24,20,4,499.99,0,1999.96,900.0,1099.96
405,2023-12-17,29,32,2,39.99,0,79.98,28.0,51.98
406,2023-12-17,30,28,5,599.99,0,2999.95,1350.0,1649.95
407,2023-12-17,1,32,2,39.99,0.15,67.98,28.0,39.98
408,2023-12-17,6,11,5,1299.99,0.1,5849.95,3000.0,2849.95
409,2023-12-17,17,4,3,79.99,0.05,227.97,96.0,131.97
410,2023-12-17,22,21,2,699.99,0,1399.98,630.0,769.98
411,2023-12-18,20,18,5,499.99,0.1,2249.95,1125.0,1124.95
412,2023-12-18,8,15,2,279.99,0.15,475.98,240.0,235.98
413,2023-12-18,8,19,2,199.99,0,399.98,160.0,239.98
414,2023-12-18,9,18,3,499.99,0,1499.97,675.0,824.97
415,2023-12-18,6,5,1,199.99,0,199.99,90.0,109.99
416,2023-12-18,13,11,1,1299.99,0.05,1234.99,600.0,634.99
417,2023-12-18,23,8,4,799.99,0.05,3039.96,1440.0,1599.96
418,2023-12-19,23,17,1,799.99,0,799.99,370.0,429.99
419,2023-12-19,25,17,1,799.99,0.05,759.99,370.0,389.99
420,2023-12-19,30,11,5,1299.99,0,6499.95,3000.0,3499.95
421,2023-12-19,20,7,1,499.99,0.15,424.99,220.0,204.99
422,2023-12-20,10,16,5,399.99,0,1999.95,875.0,1124.95
423,2023-12-20,15,22,4,1299.99,0.05,4939.96,2360.0,2579.96
424,2023-12-20,18,11,5,1299.99,0.1,5849.95,3000.0,2849.95
425,2023-12-20,11,25,4,299.99,0.05,1139.96,660.0,479.96
426,2023-12-20,2,20,1,499.99,0.05,474.99,225.0,249.99
427,2023-12-20,15,1,1,149.99,0.05,142.49,65.0,77.49
428,2023-12-20,6,7,5,499.99,0,2499.95,1100.0,1399.95
429,2023-12-21,18,20,5,499.99,0,2499.95,1125.0,1374.95
430,2023-12-21,9,29,4,149.99,0,599.96,240.0,359.96
431,2023-12-21,28,5,5,199.99,0,999.95,450.0,549.95
432,2023-12-22,23,30,4,299.99,0,1199.96,528.0,671.96
433,2023-12-22,4,29,3,149.99,0,449.97,180.0,269.97
434,2023-12-22,10,6,1,349.99,0,349.99,155.0,194.99
435,2023-12-23,16,6,4,349.99,0.15,1189.97,620.0,569.97
436,2023-12-23,19,13,5,449.99,0.1,2024.95,975.0,1049.95
437,2023-12-23,30,11,3,1299.99,0,3899.97,1800.0,2099.97
438,2023-12-23,3,20,5,499.99,0.05,2374.95,1125.0,1249.95
439,2023-12-23,28,18,3,499.99,0,1499.97,675.0,824.97
440,2023-12-24,3,3,2,89.99,0,179.98,76.0,103.98
441,2023-12-24,6,29,3,149.99,0,449.97,180.0,269.97
442,2023-12-24,17,3,3,89.99,0,269.97,114.0,155.97
443,2023-12-24,9,24,1,499.99,0,499.99,285.0,214.99
444,2023-12-24,24,20,1,499.99,0.1,449.99,225.0,224.99
445,2023-12-24,29,14,5,249.99,0.15,1062.46,525.0,537.46
446,2023-12-24,28,20,2,499.99,0.05,949.98,450.0,499.98
447,2023-12-25,5,29,3,149.99,0.15,382.47,180.0,202.47
448,2023-12-25,29,19,4,199.99,0,799.96,320.0,479.96
449,2023-12-26,15,28,1,599.99,0,599.99,270.0,329.99
450,2023-12-26,10,12,4,699.99,0.15,2379.97,1240.0,1139.97
451,2023-12-26,11,2,2,49.99,0.1,89.98,36.0,53.98
452,2023-12-26,19,13,5,449.99,0,2249.95,975.0,1274.95
453,2023-12-26,23,12,3,699.99,0.1,1889.97,930.0,959.97
454,2023-12-26,29,21,2,699.99,0,1399.98,630.0,769.98
455,2023-12-26,18,8,3,799.99,0,2399.97,1080.0,1319.97
456,2023-12-27,11,23,1,1999.99,0,1999.99,900.0,1099.99
457,2023-12-27,19,9,3,399.99,0,1199.97,525.0,674.97
458,2023-12-27,18,9,4,399.99,0,1599.96,700.0,899.96
459,2023-12-27,23,24,1,499.99,0.1,449.99,285.0,164.99
460,2023-12-28,27,18,5,499.99,0.1,2249.95,1125.0,1124.95
461,2023-12-28,23,9,4,399.99,0,1599.96,700.0,899.96
462,2023-12-28,11,30,2,299.99,0.05,569.98,264.0,305.98
463,2023-12-28,17,10,4,899.99,0.15,3059.97,1680.0,1379.97
464,2023-12-28,20,19,4,199.99,0.1,719.96,320.0,399.96
465,2023-12-28,3,10,5,899.99,0,4499.95,2100.0,2399.95
466,2023-12-28,29,21,3,699.99,0,2099.97,945.0,1154.97
467,2023-12-28,24,27,2,799.99,0,1599.98,720.0,879.98
468,2023-12-28,11,3,3,89.99,0.05,256.47,114.0,142.47
469,2023-12-28,5,23,2,1999.99,0,3999.98,1800.0,2199.98
470,2023-12-28,5,15,3,279.99,0,839.97,360.0,479.97
471,2023-12-29,12,11,4,1299.99,0,5199.96,2400.0,2799.96
472,2023-12-29,5,32,2,39.99,0,79.98,28.0,51.98
473,2023-12-29,16,2,3,49.99,0.05,142.47,54.0,88.47
474,2023-12-30,26,19,5,199.99,0,999.95,400.0,599.95
475,2023-12-30,20,29,5,149.99,0,749.95,300.0,449.95
476,2023-12-30,12,8,5,799.99,0.05,3799.95,1800.0,1999.95
477,2023-12-30,21,19,4,199.99,0.15,679.97,320.0,359.97
478,2023-12-30,10,31,3,19.99,0.1,53.97,15.0,38.97
479,2023-12-30,19,9,2,399.99,0,799.98,350.0,449.98
480,2023-12-30,16,24,5,499.99,0,2499.95,1425.0,1074.95
481,2023-12-30,10,3,1,89.99,0,89.99,38.0,51.99
482,2023-12-31,16,6,3,349.99,0,1049.97,465.0,584.97
483,2023-12-31,7,19,2,199.99,0.1,359.98,160.0,199.98
